Giselle,Alimi,gigi@gmail.com,pwd1
Bernard,Moitessier,beber@gmail.com,pwd2
Mohamed,Ali,mali@orange.fr,pwd3
Lea,Sedoux,leasedoux@yahoo.fr,pwd4
John,Doe,john@example.com,pwd5
Jane,Smith,jane@example.com,pwd6
David,Williams,david@example.com,pwd7
Emily,Johnson,emily@example.com,pwd8
Michael,Brown,michael@example.com,pwd9
Olivia,Jones,olivia@example.com,pwd10
William,Taylor,william@example.com,pwd11
Sophia,Anderson,sophia@example.com,pwd12
James,Thomas,james@example.com,pwd13
Emma,White,emma@example.com,pwd14
Benjamin,Lewis,benjamin@example.com,pwd15
Ava,Hall,ava@example.com,pwd16
Ethan,Clark,ethan@example.com,pwd17
Isabella,Miller,isabella@example.com,pwd18
Alexander,Johnson,alexander@example.com,pwd19
Mia,Wilson,mia@example.com,pwd20
